# loss,val_loss
0.845028280081907,0.843316435813904
0.844394837228043,0.843316256999970
0.844398549665207,0.843317389488220
0.844422527964081,0.843316674232483
0.844394904177336,0.843317031860352
0.844405150808994,0.843316495418549
0.844398026500268,0.843317031860352
0.844418599707255,0.843316435813904
0.844382906977034,0.843315243721008
0.844389929025659,0.843316733837128
0.844408871438266,0.843316495418549
0.844402442893711,0.843317508697510
0.844396636666845,0.843317389488220
